{
  "todo": [
    {
      "id": "1659691363779pradeep",
      "title": "pradeep",
      "status": false
    },
    {
      "id": "1659691385086shubham",
      "title": "shubham",
      "status": false
    },
    {
      "id": "1659691391431shubham",
      "title": "shubham",
      "status": false
    },
    {
      "id": "1659691405751shubham",
      "title": "shubham",
      "status": false
    }
  ],
  "comments": [
    {
      "id": 1,
      "body": "some comment",
      "postId": 1
    }
  ],
  "profile": {
    "name": "typicode"
  }
}