{
  "todo": [
    {
      "id": "1659691363779pradeep",
      "title": "pradeep",
      "status": true
    },
    {
      "id": "1659691385086shubham",
      "title": "shubham",
      "status": false
    },
    {
      "id": "1659691391431shubham",
      "title": "shubham",
      "status": true
    },
    {
      "id": "1659762790651shakuntala",
      "title": "shakuntala",
      "status": false
    },
    {
      "id": "1659765152430dsdad",
      "title": "dsdad",
      "status": false
    },
    {
      "id": "1659765155062dsdadsadsad",
      "title": "dsdadsadsad",
      "status": false
    },
    {
      "id": "1659765157410dsdadsadsadsdsd",
      "title": "dsdadsadsadsdsd",
      "status": false
    },
    {
      "id": "1659765160742dsdadsadsads",
      "title": "dsdadsadsads",
      "status": false
    },
    {
      "id": "1659765164036dsdadsadsa",
      "title": "dsdadsadsa",
      "status": false
    },
    {
      "id": "1659765166921dsdadsad",
      "title": "dsdadsad",
      "status": false
    },
    {
      "id": "1659765170300dsdads",
      "title": "dsdads",
      "status": false
    },
    {
      "id": "1659765173826dsda",
      "title": "dsda",
      "status": false
    },
    {
      "id": "1659765177148dsd",
      "title": "dsd",
      "status": false
    },
    {
      "id": "1659765180124dsds",
      "title": "dsds",
      "status": false
    },
    {
      "id": "1659765184338dsdsq",
      "title": "dsdsq",
      "status": false
    },
    {
      "id": "1659765187786dsdsqwd",
      "title": "dsdsqwd",
      "status": false
    },
    {
      "id": "1659765193945dsdsqwd3",
      "title": "dsdsqwd3",
      "status": false
    },
    {
      "id": "1659765203266dsdsqwd323423e",
      "title": "dsdsqwd323423e",
      "status": false
    },
    {
      "id": "1659765203461dsdsqwd323423e",
      "title": "dsdsqwd323423e",
      "status": false
    },
    {
      "id": "1659765203658dsdsqwd323423e",
      "title": "dsdsqwd323423e",
      "status": false
    },
    {
      "id": "1659765203868dsdsqwd323423e",
      "title": "dsdsqwd323423e",
      "status": false
    },
    {
      "id": "1659765204066dsdsqwd323423e",
      "title": "dsdsqwd323423e",
      "status": false
    },
    {
      "id": "1659765204267dsdsqwd323423e",
      "title": "dsdsqwd323423e",
      "status": false
    },
    {
      "id": "1659765204451dsdsqwd323423e",
      "title": "dsdsqwd323423e",
      "status": false
    },
    {
      "id": "1659765204631dsdsqwd323423e",
      "title": "dsdsqwd323423e",
      "status": false
    },
    {
      "id": "1659765204797dsdsqwd323423e",
      "title": "dsdsqwd323423e",
      "status": false
    },
    {
      "id": "1659765204975dsdsqwd323423e",
      "title": "dsdsqwd323423e",
      "status": false
    },
    {
      "id": "1659765205140dsdsqwd323423e",
      "title": "dsdsqwd323423e",
      "status": false
    },
    {
      "id": "1659765205320dsdsqwd323423e",
      "title": "dsdsqwd323423e",
      "status": false
    },
    {
      "id": "1659765205498dsdsqwd323423e",
      "title": "dsdsqwd323423e",
      "status": false
    },
    {
      "id": "1659765205680dsdsqwd323423e",
      "title": "dsdsqwd323423e",
      "status": false
    },
    {
      "id": "1659765205851dsdsqwd323423e",
      "title": "dsdsqwd323423e",
      "status": false
    },
    {
      "id": "1659765206042dsdsqwd323423e",
      "title": "dsdsqwd323423e",
      "status": false
    },
    {
      "id": "1659765206230dsdsqwd323423e",
      "title": "dsdsqwd323423e",
      "status": false
    },
    {
      "id": "1659765206425dsdsqwd323423e",
      "title": "dsdsqwd323423e",
      "status": false
    },
    {
      "id": "1659765206625dsdsqwd323423e",
      "title": "dsdsqwd323423e",
      "status": false
    },
    {
      "id": "1659765206812dsdsqwd323423e",
      "title": "dsdsqwd323423e",
      "status": false
    },
    {
      "id": "1659765207008dsdsqwd323423e",
      "title": "dsdsqwd323423e",
      "status": false
    },
    {
      "id": "1659765207196dsdsqwd323423e",
      "title": "dsdsqwd323423e",
      "status": false
    },
    {
      "id": "1659765207378dsdsqwd323423e",
      "title": "dsdsqwd323423e",
      "status": false
    },
    {
      "id": "1659765207567dsdsqwd323423e",
      "title": "dsdsqwd323423e",
      "status": false
    },
    {
      "id": "1659765207751dsdsqwd323423e",
      "title": "dsdsqwd323423e",
      "status": false
    },
    {
      "id": "1659765207952dsdsqwd323423e",
      "title": "dsdsqwd323423e",
      "status": false
    },
    {
      "id": "1659765208149dsdsqwd323423e",
      "title": "dsdsqwd323423e",
      "status": false
    },
    {
      "id": "1659765208345dsdsqwd323423e",
      "title": "dsdsqwd323423e",
      "status": false
    },
    {
      "id": "1659765208534dsdsqwd323423e",
      "title": "dsdsqwd323423e",
      "status": false
    },
    {
      "id": "1659765208726dsdsqwd323423e",
      "title": "dsdsqwd323423e",
      "status": false
    },
    {
      "id": "1659765208919dsdsqwd323423e",
      "title": "dsdsqwd323423e",
      "status": false
    },
    {
      "id": "1659765209116dsdsqwd323423e",
      "title": "dsdsqwd323423e",
      "status": false
    },
    {
      "id": "1659765209320dsdsqwd323423e",
      "title": "dsdsqwd323423e",
      "status": false
    },
    {
      "id": "1659765209510dsdsqwd323423e",
      "title": "dsdsqwd323423e",
      "status": false
    },
    {
      "id": "1659765209711dsdsqwd323423e",
      "title": "dsdsqwd323423e",
      "status": false
    },
    {
      "id": "1659765209901dsdsqwd323423e",
      "title": "dsdsqwd323423e",
      "status": false
    },
    {
      "id": "1659766095711tiwari",
      "title": "tiwari",
      "status": false
    },
    {
      "id": "1659766096776tiwari",
      "title": "tiwari",
      "status": false
    },
    {
      "id": "1659766162823tiwari",
      "title": "tiwari",
      "status": false
    },
    {
      "id": "1659766164237tiwari",
      "title": "tiwari",
      "status": false
    },
    {
      "id": "1659766164828tiwari",
      "title": "tiwari",
      "status": false
    },
    {
      "id": "1659766165669tiwari",
      "title": "tiwari",
      "status": false
    },
    {
      "id": "1659766167495tiwari",
      "title": "tiwari",
      "status": false
    }
  ],
  "comments": [
    {
      "id": 1,
      "body": "some comment",
      "postId": 1
    }
  ],
  "profile": {
    "name": "typicode"
  }
}